Trends in Number of COVID-19 Vaccinations in the US,,,,,,,,,,,,,
Date generated: Sun Oct 10 2021 15:21:44 GMT+0800 (中国标准时间),,,,,,,,,,,,,
Date Type,Date,Location,Total Doses Administered Daily,Daily Count People Receiving Dose 1,Total Doses Administered Cumulative,People Receiving 1 or More Doses Cumulative,7-Day Avg Daily Count Dose 1,7-Day Avg Total Doses Daily,Total Doses Administered Daily Change,7-Day Avg Total Doses Administered Daily Change,Daily Count of People Fully Vaccinated,People Fully Vaccinated Cumulative,7-Day Avg Daily Count of People Fully Vaccinated
Report,2020/12/13,US,,,,,,,0,0,,,
Admin,2020/12/14,US,4231,4106,22656,19949,9975,11328,,,87,3190,1595
Report,2020/12/14,US,,,,,,,509,255,,,
Admin,2020/12/15,US,48890,46311,71546,66260,22087,23848,,,168,3358,1119
Report,2020/12/15,US,,,,,,,12129,4213,,,
Admin,2020/12/16,US,160153,153331,231699,219591,54898,57924,,,342,3700,925
Report,2020/12/16,US,,,,,,,38996,12909,,,
Admin,2020/12/17,US,272985,263251,504684,482842,96568,100936,,,529,4229,845
Report,2020/12/17,US,,,,,,,75708,25468,,,
Admin,2020/12/18,US,415237,403632,919921,886474,147746,153320,,,889,5118,853
Report,2020/12/18,US,,,,,,,126800,42357,,,
Admin,2020/12/19,US,181395,176646,1101316,1063120,151874,157330,,,921,6039,862
Report,2020/12/19,US,,,,,,,187508,63093,,,
Admin,2020/12/20,US,104884,102105,1206200,1165225,164197,169682,,,598,6637,504
Report,2020/12/20,US,,,,,,,209853,93072,,,
Admin,2020/12/21,US,381337,373367,1587537,1538592,216949,223554,,,1094,7731,648
Report,2020/12/21,US,,,,,,,149957,114422,,,
Admin,2020/12/22,US,447709,438928,2035246,1977520,273037,280528,,,2333,10064,958
Report,2020/12/22,US,,,,,,,189722,139792,,,
Admin,2020/12/23,US,571194,559243,2606440,2536763,331025,339248,,,1900,11964,1180
Report,2020/12/23,US,,,,,,,368173,186817,,,
Admin,2020/12/24,US,195195,190023,2801635,2726786,320563,328135,,,838,12802,1224
Report,2020/12/24,US,,,,,,,338436,224350,,,
Admin,2020/12/25,US,12494,12368,2814129,2739154,264669,270601,,,79,12881,1109
Report,2020/12/25,US,,,,,,,336145,254256,,,
Admin,2020/12/26,US,140273,137380,2954402,2876534,259059,264726,,,522,13403,1052
Report,2020/12/26,US,,,,,,,156478,249823,,,
Admin,2020/12/27,US,95484,92716,3049886,2969250,257718,263383,,,520,13923,1040
Report,2020/12/27,US,,,,,,,61992,228700,,,
Admin,2020/12/28,US,585105,572715,3634991,3541965,286196,292493,,,2817,16740,1287
Report,2020/12/28,US,,,,,,,156220,229595,,,
Admin,2020/12/29,US,713684,696137,4348675,4238102,322940,330489,,,4020,20760,1528
Report,2020/12/29,US,,,,,,,314677,247446,,,
Admin,2020/12/30,US,834403,816043,5183078,5054145,359626,368091,,,6266,27026,2151
Report,2020/12/30,US,,,,,,,441549,257928,,,
Admin,2020/12/31,US,418004,409406,5601082,5463551,390966,399921,,,2652,29678,2410
Report,2020/12/31,US,,,,,,,573278,291477,,,
Admin,2021/1/1,US,77171,71298,5678253,5534849,399385,409160,,,4793,34471,3084
Report,2021/1/1,US,,,,,,,434528,305532,,,
Admin,2021/1/2,US,259247,251197,5937500,5786046,415645,426156,,,2783,37254,3407
Report,2021/1/2,US,,,,,,,290402,324664,,,
Admin,2021/1/3,US,136014,128820,6073514,5914866,420802,431946,,,2379,39633,3672
Report,2021/1/3,US,,,,,,,185279,342276,,,
Admin,2021/1/4,US,646142,589246,6719656,6504112,423164,440666,,,44250,83883,9591
Report,2021/1/4,US,,,,,,,239472,354169,,,
Admin,2021/1/5,US,818837,721026,7538493,7225138,426719,455688,,,86218,170101,21334
Report,2021/1/5,US,,,,,,,337114,357375,,,
Admin,2021/1/6,US,1011005,824732,8549498,8049870,427961,480917,,,169845,339946,44702
Report,2021/1/6,US,,,,,,,600055,380018,,,
Admin,2021/1/7,US,1155105,858259,9704603,8908129,492083,586217,,,274383,614329,83521
Report,2021/1/7,US,,,,,,,730700,402507,,,
Admin,2021/1/8,US,1220448,838960,10925051,9747089,601749,749542,,,355643,969972,133643
Report,2021/1/8,US,,,,,,,870465,464784,,,
Admin,2021/1/9,US,503297,367614,11428348,10114703,618380,784406,,,126755,1096727,151353
Report,2021/1/9,US,,,,,,,790484,536224,,,
Admin,2021/1/10,US,247392,174055,11675740,10288758,624842,800318,,,68218,1164945,160758
Report,2021/1/10,US,,,,,,,727095,613626,,,
Admin,2021/1/11,US,1059860,719002,12735600,11007760,643378,859420,,,317644,1482589,199815
Report,2021/1/11,US,,,,,,,419440,639336,,,
Admin,2021/1/12,US,1243914,908656,13979514,11916416,670183,920145,,,310059,1792648,231792
Report,2021/1/12,US,,,,,,,516858,665014,,,
Admin,2021/1/13,US,1312031,1023489,15291545,12939905,698576,963149,,,268054,2060702,245822
Report,2021/1/13,US,,,,,,,987485,720361,,,
Admin,2021/1/14,US,1301372,1148577,16592917,14088482,740050,984044,,,132679,2193381,225578
Report,2021/1/14,US,,,,,,,1093867,772242,,,
Admin,2021/1/15,US,1254347,1119194,17847264,15207676,780084,988887,,,118076,2311457,191640
Report,2021/1/15,US,,,,,,,956233,784495,,,
Admin,2021/1/16,US,651038,569941,18498302,15777617,808988,1009993,,,70547,2382004,183611
Report,2021/1/16,US,,,,,,,1141043,834574,,,
Admin,2021/1/17,US,305645,256904,18803947,16034521,820823,1018315,,,41339,2423343,179771
Report,2021/1/17,US,,,,,,,856109,853005,,,
Admin,2021/1/18,US,876870,635774,19680817,16670295,808934,992173,,,225792,2649135,166649
Report,2021/1/18,US,,,,,,,548050,871378,,,
Admin,2021/1/19,US,1339645,969941,21020462,17640236,817689,1005849,,,347859,2996994,172049
Report,2021/1/19,US,,,,,,,621154,886277,,,
Admin,2021/1/20,US,1612869,1173886,22633331,18814122,839174,1048826,,,415162,3412156,193064
Report,2021/1/20,US,,,,,,,441318,808253,,,
Admin,2021/1/21,US,1629772,1337627,24263103,20151749,866181,1095740,,,267870,3680026,212377
Report,2021/1/21,US,,,,,,,1021093,797857,,,
Admin,2021/1/22,US,1613577,1387114,25876680,21538863,904455,1147059,,,203473,3883499,224577
Report,2021/1/22,US,,,,,,,1561585,884336,,,
Admin,2021/1/23,US,903515,742043,26780195,22280906,929041,1183127,,,147040,4030539,235505
Report,2021/1/23,US,,,,,,,1430031,925620,,,
Admin,2021/1/24,US,395150,301792,27175345,22582698,935454,1195914,,,86474,4117013,241952
Report,2021/1/24,US,,,,,,,1310665,990557,,,
Admin,2021/1/25,US,1354491,854605,28529836,23437303,966715,1264145,,,475899,4592912,277682
Report,2021/1/25,US,,,,,,,885588,1038776,,,
Admin,2021/1/26,US,1649046,1053454,30178882,24490757,978646,1308345,,,569668,5162580,309369
Report,2021/1/26,US,,,,,,,806751,1065290,,,
Admin,2021/1/27,US,1916299,1249429,32095181,25740186,989438,1351692,,,635191,5797771,340802
Report,2021/1/27,US,,,,,,,1111640,1161050,,,
Admin,2021/1/28,US,1945387,1368253,34040568,27108439,993813,1396780,,,545392,6343163,380448
Report,2021/1/28,US,,,,,,,1541048,1235330,,,
Admin,2021/1/29,US,1889306,1361678,35929874,28470117,990179,1436170,,,481664,6824827,420189
Report,2021/1/29,US,,,,,,,1690979,1253815,,,
Admin,2021/1/30,US,1018398,764323,36948272,29234440,993362,1452582,,,236408,7061235,432956
Report,2021/1/30,US,,,,,,,1693241,1291416,,,
Admin,2021/1/31,US,459994,326268,37408266,29560708,996859,1461845,,,124502,7185737,438389
Report,2021/1/31,US,,,,,,,1545397,1324949,,,
Admin,2021/2/1,US,1347469,759101,38755735,30319809,983215,1460842,,,553770,7739507,449513
Report,2021/2/1,US,,,,,,,1099103,1355451,,,
Admin,2021/2/2,US,1672366,962362,40428101,31282171,970202,1464174,,,679982,8419489,465272
Report,2021/2/2,US,,,,,,,558458,1319981,,,
Admin,2021/2/3,US,2125085,1264966,42553186,32547137,972422,1494000,,,815252,9234741,490995
Report,2021/2/3,US,,,,,,,1097394,1317946,,,
Admin,2021/2/4,US,2327618,1394822,44880804,33941959,976217,1548605,,,892275,10127016,540550
Report,2021/2/4,US,,,,,,,1325456,1287147,,,
Admin,2021/2/5,US,2333539,1357254,47214343,35299213,975585,1612067,,,934985,11062001,605310
Report,2021/2/5,US,,,,,,,1615502,1276364,,,
Admin,2021/2/6,US,1295350,858492,48509693,36157705,989038,1651631,,,412499,11474500,630466
Report,2021/2/6,US,,,,,,,2218752,1351437,,,
Admin,2021/2/7,US,446406,279906,48956099,36437611,982415,1649690,,,154368,11628868,634733
Report,2021/2/7,US,,,,,,,2172973,1441091,,,
Admin,2021/2/8,US,1563440,839944,50519539,37277555,993964,1680543,,,690247,12319115,654229
Report,2021/2/8,US,,,,,,,1206680,1456459,,,
Admin,2021/2/9,US,1957547,1044105,52477086,38321660,1005641,1721283,,,874874,13193989,682071
Report,2021/2/9,US,,,,,,,788573,1489333,,,
Admin,2021/2/10,US,2284514,1227656,54761600,39549316,1000311,1744059,,,1017477,14211466,710960
Report,2021/2/10,US,,,,,,,1563780,1555959,,,
Admin,2021/2/11,US,2388516,1278501,57150116,40827817,983694,1752758,,,1068521,15279987,736138
Report,2021/2/11,US,,,,,,,1620300,1598080,,,
Admin,2021/2/12,US,2566565,1381650,59716681,42209467,987179,1786048,,,1135439,16415426,764775
Report,2021/2/12,US,,,,,,,2020288,1655907,,,
Admin,2021/2/13,US,1469493,868471,61186174,43077938,988605,1810925,,,567530,16982956,786922
Report,2021/2/13,US,,,,,,,2231326,1657703,,,
Admin,2021/2/14,US,590983,347151,61777157,43425089,998211,1831579,,,226376,17209332,797209
Report,2021/2/14,US,,,,,,,2242472,1667631,,,
Admin,2021/2/15,US,1171294,619472,62948451,44044561,966715,1775558,,,521614,17730946,773118
Report,2021/2/15,US,,,,,,,1376214,1691850,,,
Admin,2021/2/16,US,1615424,801921,64563875,44846482,932117,1726684,,,774819,18505765,758825
Report,2021/2/16,US,,,,,,,959794,1716311,,,
Admin,2021/2/17,US,1955334,935475,66519209,45781957,890377,1679658,,,979816,19485581,753445
Report,2021/2/17,US,,,,,,,1061463,1644551,,,
Admin,2021/2/18,US,1847944,840269,68367153,46622226,827773,1602433,,,957841,20443422,737633
Report,2021/2/18,US,,,,,,,1455940,1621071,,,
Admin,2021/2/19,US,1958435,839400,70325588,47461626,750308,1515558,,,1070182,21513604,728311
Report,2021/2/19,US,,,,,,,1847276,1596355,,,
Admin,2021/2/20,US,1306507,611268,71632095,48072894,713565,1492274,,,663104,22176708,741964
Report,2021/2/20,US,,,,,,,1704457,1521088,,,
Admin,2021/2/21,US,592186,260592,72224281,48333486,701200,1492446,,,313417,22490125,754399
Report,2021/2/21,US,,,,,,,1801134,1458040,,,
Admin,2021/2/22,US,1453862,632591,73678143,48966077,703074,1532813,,,776618,23266743,790828
Report,2021/2/22,US,,,,,,,1086840,1416701,,,
Admin,2021/2/23,US,1931350,888567,75609493,49854644,715452,1577945,,,994402,24261145,822197
Report,2021/2/23,US,,,,,,,854609,1401674,,,
Admin,2021/2/24,US,2514255,1262835,78123748,51117479,762217,1657791,,,1200400,25461545,853709
Report,2021/2/24,US,,,,,,,1432864,1454731,,,
Admin,2021/2/25,US,2918271,1552077,81042019,52669556,863904,1810695,,,1301685,26763230,902829
Report,2021/2/25,US,,,,,,,1809170,1505193,,,
Admin,2021/2/26,US,3092810,1693457,84134829,54363013,985912,1972748,,,1335536,28098766,940737
Report,2021/2/26,US,,,,,,,2179947,1552717,,,
Admin,2021/2/27,US,1991444,1154185,86126273,55517198,1063472,2070596,,,798289,28897055,960049
Report,2021/2/27,US,,,,,,,2352116,1645240,,,
Admin,2021/2/28,US,851271,542599,86977544,56059797,1103759,2107609,,,284750,29181805,955954
Report,2021/2/28,US,,,,,,,2429823,1735053,,,
Admin,2021/3/1,US,1993371,1181439,88970915,57241236,1182166,2184681,,,759221,29941026,953469
Report,2021/3/1,US,,,,,,,1663984,1817502,,,
Admin,2021/3/2,US,2448679,1474886,91419594,58716122,1265925,2258585,,,929386,30870412,944181
Report,2021/3/2,US,,,,,,,1731614,1942788,,,
Admin,2021/3/3,US,2891620,1750078,94311214,60466200,1335532,2312495,,,1098663,31969075,929647
Report,2021/3/3,US,,,,,,,1908873,2010790,,,
Admin,2021/3/4,US,3191857,1969786,97503071,62435986,1395204,2351578,,,1212824,33181899,916952
Report,2021/3/4,US,,,,,,,2032374,2042676,,,
Admin,2021/3/5,US,3214604,2020347,100717675,64456333,1441903,2368978,,,1268438,34450337,907367
Report,2021/3/5,US,,,,,,,2435246,2079147,,,
Admin,2021/3/6,US,2050103,1356046,102767778,65812379,1470740,2377357,,,845019,35295356,914043
Report,2021/3/6,US,,,,,,,2904229,2158020,,,
Admin,2021/3/7,US,923425,680544,103691203,66492923,1490447,2387665,,,337971,35633327,921646
Report,2021/3/7,US,,,,,,,2439427,2159392,,,
Admin,2021/3/8,US,2148059,1484666,105839262,67977589,1533765,2409763,,,831385,36464712,931955
Report,2021/3/8,US,,,,,,,1738102,2169981,,,
Admin,2021/3/9,US,2695716,1812369,108534978,69789958,1581977,2445054,,,1061200,37525912,950785
Report,2021/3/9,US,,,,,,,1602746,2151571,,,
Admin,2021/3/10,US,3106107,2063574,111641085,71853532,1626762,2475695,,,1244875,38770787,971673
Report,2021/3/10,US,,,,,,,2028692,2168688,,,
Admin,2021/3/11,US,3432881,2291069,115073966,74144601,1672659,2510127,,,1373941,40144728,994689
Report,2021/3/11,US,,,,,,,2482603,2233006,,,
Admin,2021/3/12,US,3415428,2132284,118489394,76276885,1688650,2538817,,,1492339,41637067,1026675
Report,2021/3/12,US,,,,,,,2924112,2302844,,,
Admin,2021/3/13,US,2195775,1401143,120685169,77678028,1695093,2559627,,,1005833,42642900,1049649
Report,2021/3/13,US,,,,,,,3234490,2350025,,,
Admin,2021/3/14,US,982647,651795,121667816,78329823,1690986,2568087,,,421454,43064354,1061575
Report,2021/3/14,US,,,,,,,2697779,2386932,,,
Admin,2021/3/15,US,2271807,1501735,123939623,79831558,1693424,2585765,,,850473,43914827,1064302
Report,2021/3/15,US,,,,,,,2021586,2427430,,,
Admin,2021/3/16,US,2875312,1935746,126814935,81767304,1711049,2611422,,,1023290,44938117,1058886
Report,2021/3/16,US,,,,,,,1655996,2435037,,,
Admin,2021/3/17,US,3158605,2138906,129973540,83906210,1721811,2618922,,,1102435,46040552,1038537
Report,2021/3/17,US,,,,,,,2299771,2473762,,,
Admin,2021/3/18,US,3400812,2308203,133374352,86214413,1724259,2614340,,,1182192,47222744,1011145
Report,2021/3/18,US,,,,,,,2692381,2503731,,,
Admin,2021/3/19,US,3326801,2226650,136701153,88441063,1737740,2601679,,,1191275,48414019,968136
Report,2021/3/19,US,,,,,,,2583810,2455116,,,
Admin,2021/3/20,US,2155691,1421108,138856844,89862171,1740592,2595953,,,845965,49259984,945297
Report,2021/3/20,US,,,,,,,3127679,2439857,,,
Admin,2021/3/21,US,1018019,688311,139874863,90550482,1745808,2601006,,,363350,49623334,936997
Report,2021/3/21,US,,,,,,,3039915,2488734,,,
Admin,2021/3/22,US,2350899,1610475,142225762,92160957,1761343,2612305,,,780313,50403647,926974
Report,2021/3/22,US,,,,,,,2028324,2489697,,,
Admin,2021/3/23,US,3050453,1991537,145276215,94152494,1769313,2637325,,,1119702,51523349,940747
Report,2021/3/23,US,,,,,,,1707293,2497025,,,
Admin,2021/3/24,US,3542296,2219368,148818511,96371862,1780807,2692138,,,1385331,52908680,981161
Report,2021/3/24,US,,,,,,,2256824,2490889,,,
Admin,2021/3/25,US,3819194,2281516,152637705,98653378,1776995,2751907,,,1602617,54511297,1041221
Report,2021/3/25,US,,,,,,,2831442,2510755,,,
Admin,2021/3/26,US,3817083,2124621,156454788,100777999,1762419,2821947,,,1753891,56265188,1121595
Report,2021/3/26,US,,,,,,,3379393,2624410,,,
Admin,2021/3/27,US,2464904,1381584,158919692,102159583,1756773,2866121,,,1137874,57403062,1163296
Report,2021/3/27,US,,,,,,,3496047,2677034,,,
Admin,2021/3/28,US,1204352,677364,160124044,102836947,1755209,2892740,,,538204,57941266,1188276
Report,2021/3/28,US,,,,,,,3281956,2711611,,,
Admin,2021/3/29,US,2822202,1617637,162946246,104454584,1756232,2960069,,,1241204,59182470,1254117
Report,2021/3/29,US,,,,,,,2350144,2757586,,,
Admin,2021/3/30,US,3575724,2025270,166521970,106479854,1761051,3035107,,,1618471,60800941,1325370
Report,2021/3/30,US,,,,,,,1789510,2769331,,,
Admin,2021/3/31,US,4145663,2417336,170667633,108897190,1789333,3121303,,,1894569,62695510,1398118
Report,2021/3/31,US,,,,,,,2670947,2828491,,,
Admin,2021/4/1,US,4496940,2521828,175164573,111419018,1823663,3218124,,,2181808,64877318,1480860
Report,2021/4/1,US,,,,,,,3358112,2903730,,,
Admin,2021/4/2,US,3641905,2069304,178806478,113488322,1815760,3193098,,,1773636,66650954,1483680
Report,2021/4/2,US,,,,,,,3975059,2988825,,,
Admin,2021/4/3,US,2299474,1332653,181105952,114820975,1808770,3169465,,,1138585,67789539,1483782
Report,2021/4/3,US,,,,,,,4081959,3072527,,,
Admin,2021/4/4,US,759385,438907,181865337,115259882,1774705,3105899,,,364196,68153735,1458924
Report,2021/4/4,US,,,,,,,3365324,3084436,,,
Admin,2021/4/5,US,3086553,1741551,184951890,117001433,1792407,3143663,,,1562502,69716237,1504823
Report,2021/4/5,US,,,,,,,2134049,3053566,,,
Admin,2021/4/6,US,3965275,2300823,188917165,119302256,1831772,3199313,,,2035285,71751522,1564368
Report,2021/4/6,US,,,,,,,1404280,2998533,,,
Admin,2021/4/7,US,4341420,2573548,193258585,121875804,1854088,3227278,,,2262861,74014383,1616981
Report,2021/4/7,US,,,,,,,2884580,3029052,,,
Admin,2021/4/8,US,4485537,2583102,197744122,124458906,1862841,3225649,,,2463886,76478269,1657278
Report,2021/4/8,US,,,,,,,3403061,3035473,,,
Admin,2021/4/9,US,4299985,2451807,202044107,126910713,1917484,3319661,,,2385661,78863930,1744710
Report,2021/4/9,US,,,,,,,3958065,3033045,,,
Admin,2021/4/10,US,2872861,1729217,204916968,128639930,1974136,3401573,,,1620876,80484806,1813609
Report,2021/4/10,US,,,,,,,4629928,3111327,,,
Admin,2021/4/11,US,1400882,841521,206317850,129481451,2031653,3493216,,,787701,81272507,1874110
Report,2021/4/11,US,,,,,,,3579422,3141912,,,
Admin,2021/4/12,US,2995842,1641625,209313692,131123076,2017378,3480257,,,1681595,82954102,1891123
Report,2021/4/12,US,,,,,,,2644914,3214893,,,
Admin,2021/4/13,US,3461555,1756623,212775247,132879699,1939635,3408297,,,1675584,84629686,1839737
Report,2021/4/13,US,,,,,,,2590736,3384387,,,
Admin,2021/4/14,US,3668119,1748618,216443366,134628317,1821788,3312111,,,1878320,86508006,1784803
Report,2021/4/14,US,,,,,,,2509055,3330740,,,
Admin,2021/4/15,US,3695998,1756658,220139364,136384975,1703724,3199320,,,1893933,88401939,1703381
Report,2021/4/15,US,,,,,,,3525204,3348189,,,
Admin,2021/4/16,US,3582137,1652222,223721501,138037197,1589498,3096770,,,1883360,90285299,1631624
Report,2021/4/16,US,,,,,,,3965883,3349306,,,
Admin,2021/4/17,US,2352615,1173300,226074116,139210497,1510081,3022449,,,1155675,91440974,1565166
Report,2021/4/17,US,,,,,,,3588990,3200601,,,
Admin,2021/4/18,US,1123737,544107,227197853,139754604,1467593,2982857,,,566285,92007259,1533536
Report,2021/4/18,US,,,,,,,3534901,3194240,,,
Admin,2021/4/19,US,2556732,1096151,229754585,140850755,1389668,2920127,,,1425749,93433008,1496986
Report,2021/4/19,US,,,,,,,2174495,3127038,,,
Admin,2021/4/20,US,3229143,1394272,232983728,142245027,1337904,2886925,,,1792458,95225466,1513682
Report,2021/4/20,US,,,,,,,1806929,3015065,,,
Admin,2021/4/21,US,3455170,1404764,236438898,143649791,1288782,2856504,,,2005094,97230560,1531793
Report,2021/4/21,US,,,,,,,2563671,3022868,,,
Admin,2021/4/22,US,3470828,1419178,239909726,145068969,1240571,2824337,,,2005679,99236239,1547757
Report,2021/4/22,US,,,,,,,2995734,2947229,,,
Admin,2021/4/23,US,3276821,1373929,243186547,146442898,1200814,2780720,,,1854982,101091221,1543703
Report,2021/4/23,US,,,,,,,3374587,2862758,,,
Admin,2021/4/24,US,2190952,1005331,245377499,147448229,1176819,2757626,,,1163757,102254978,1544857
Report,2021/4/24,US,,,,,,,3318230,2824078,,,
Admin,2021/4/25,US,993974,498052,246371473,147946281,1170240,2739088,,,486195,102741173,1533416
Report,2021/4/25,US,,,,,,,3020948,2750656,,,
Admin,2021/4/26,US,2370924,950802,248742397,148897083,1149475,2712544,,,1394047,104135220,1528887
Report,2021/4/26,US,,,,,,,2107046,2741021,,,
Admin,2021/4/27,US,2869633,1122193,251612030,150019276,1110607,2661186,,,1750806,105886026,1522937
Report,2021/4/27,US,,,,,,,1639215,2717062,,,
Admin,2021/4/28,US,3066063,1167754,254678093,151187030,1076748,2605599,,,1923689,107809715,1511307
Report,2021/4/28,US,,,,,,,2231745,2669644,,,
Admin,2021/4/29,US,3019806,1123131,257697899,152310161,1034456,2541167,,,1936895,109746610,1501481
Report,2021/4/29,US,,,,,,,2721079,2630407,,,
Admin,2021/4/30,US,2878522,1116705,260576421,153426866,997710,2484267,,,1804495,111551105,1494269
Report,2021/4/30,US,,,,,,,2799184,2548207,,,
Admin,2021/5/1,US,1809637,705949,262386058,154132815,954941,2429794,,,1134916,112686021,1490149
Report,2021/5/1,US,,,,,,,3303794,2546144,,,
Admin,2021/5/2,US,871670,328256,263257728,154461071,930684,2412322,,,573209,113259230,1502579
Report,2021/5/2,US,,,,,,,2127998,2418580,,,
Admin,2021/5/3,US,1957977,649457,265215705,155110528,887635,2353329,,,1379547,114638777,1500508
Report,2021/5/3,US,,,,,,,1188734,2287393,,,
Admin,2021/5/4,US,2499802,833157,267715507,155943685,846344,2300496,,,1726370,116365147,1497017
Report,2021/5/4,US,,,,,,,988846,2194483,,,
Admin,2021/5/5,US,2524850,827387,270240357,156771072,797720,2223180,,,1761101,118126248,1473790
Report,2021/5/5,US,,,,,,,1797771,2132487,,,
Admin,2021/5/6,US,2495856,794125,272736213,157565197,750719,2148330,,,1763308,119889556,1448992
Report,2021/5/6,US,,,,,,,2406932,2087608,,,
Admin,2021/5/7,US,2479196,805384,275215409,158370581,706245,2091284,,,1732795,121622351,1438749
Report,2021/5/7,US,,,,,,,2805581,2088522,,,
Admin,2021/5/8,US,1524596,515308,276740005,158885889,679011,2050563,,,1062181,122684532,1428358
Report,2021/5/8,US,,,,,,,2567872,1983391,,,
Admin,2021/5/9,US,612938,210001,277352943,159095890,662117,2013602,,,428262,123112794,1407652
Report,2021/5/9,US,,,,,,,2369784,2017931,,,
Admin,2021/5/10,US,1586319,495726,278939262,159591616,640155,1960508,,,1137178,124249972,1373027
Report,2021/5/10,US,,,,,,,1882392,2117025,,,
Admin,2021/5/11,US,2029830,674734,280969092,160266350,617524,1893369,,,1407640,125657612,1327495
Report,2021/5/11,US,,,,,,,1533180,2194787,,,
Admin,2021/5/12,US,1999612,660983,282968704,160927333,593752,1818335,,,1397289,127054901,1275521
Report,2021/5/12,US,,,,,,,1548283,2159146,,,
Admin,2021/5/13,US,2260548,946683,285229252,161874016,615546,1784719,,,1362695,128417596,1218291
Report,2021/5/13,US,,,,,,,1915642,2088962,,,
Admin,2021/5/14,US,2435607,1105887,287664859,162979903,658475,1778492,,,1393191,129810787,1169776
Report,2021/5/14,US,,,,,,,1842180,1951333,,,
Admin,2021/5/15,US,1832675,920128,289497534,163900031,716306,1822504,,,961641,130772428,1155413
Report,2021/5/15,US,,,,,,,2393676,1926448,,,
Admin,2021/5/16,US,928648,482263,290426182,164382294,755201,1867605,,,474733,131247161,1162052
Report,2021/5/16,US,,,,,,,2093069,1886917,,,
Admin,2021/5/17,US,1804016,893128,292230198,165275422,811972,1898705,,,979935,132227096,1139589
Report,2021/5/17,US,,,,,,,1486490,1830360,,,
Admin,2021/5/18,US,2058008,1000612,294288206,166276034,858526,1902730,,,1129460,133356556,1099849
Report,2021/5/18,US,,,,,,,1123306,1771807,,,
Admin,2021/5/19,US,2071546,993188,296359752,167269222,905984,1913006,,,1148017,134504573,1064238
Report,2021/5/19,US,,,,,,,1754966,1801333,,,
Admin,2021/5/20,US,2001125,930776,298360877,168199998,903712,1875946,,,1140143,135644716,1032445
Report,2021/5/20,US,,,,,,,2107077,1828681,,,
Admin,2021/5/21,US,2041217,944561,300402094,169144559,880665,1819605,,,1162769,136807485,999528
Report,2021/5/21,US,,,,,,,2198101,1879526,,,
Admin,2021/5/22,US,1437497,739168,301839591,169883727,854814,1763151,,,747824,137555309,968983
Report,2021/5/22,US,,,,,,,2345872,1872697,,,
Admin,2021/5/23,US,653725,342053,302493316,170225780,834784,1723876,,,337711,137893020,949408
Report,2021/5/23,US,,,,,,,1779363,1827882,,,
Admin,2021/5/24,US,1307628,638711,303800944,170864491,798438,1652963,,,728308,138621328,913461
Report,2021/5/24,US,,,,,,,1170314,1782714,,,
Admin,2021/5/25,US,1423563,671234,305224507,171535725,751384,1562328,,,812964,139434292,868248
Report,2021/5/25,US,,,,,,,897972,1750524,,,
Admin,2021/5/26,US,1419491,664569,306643998,172200294,704439,1469178,,,810637,140244929,820050
Report,2021/5/26,US,,,,,,,1423432,1703162,,,
Admin,2021/5/27,US,1332171,620316,307976169,172820610,660087,1373613,,,767722,141012651,766847
Report,2021/5/27,US,,,,,,,1512303,1618194,,,
Admin,2021/5/28,US,1313090,610963,309289259,173431573,612431,1269595,,,758866,141771517,709147
Report,2021/5/28,US,,,,,,,1375171,1500632,,,
Admin,2021/5/29,US,757367,384054,310046626,173815627,561700,1172433,,,408289,142179806,660642
Report,2021/5/29,US,,,,,,,1605272,1394832,,,
Admin,2021/5/30,US,379888,202440,310426514,174018067,541755,1133314,,,198523,142378329,640758
Report,2021/5/30,US,,,,,,,1223800,1315466,,,
Admin,2021/5/31,US,196865,88721,310623379,174106788,463185,974633,,,118090,142496419,553584
Report,2021/5/31,US,,,,,,,962475,1285775,,,
Admin,2021/6/1,US,1239389,526641,311862768,174633429,442529,948323,,,755698,143252117,545403
Report,2021/6/1,US,,,,,,,512915,1230767,,,
Admin,2021/6/2,US,1104330,498798,312967098,175132227,418848,903300,,,657459,143909576,523521
Report,2021/6/2,US,,,,,,,508652,1100084,,,
Admin,2021/6/3,US,1233190,470147,314200288,175602374,397395,889159,,,811156,144720732,529725
Report,2021/6/3,US,,,,,,,808036,999474,,,
Admin,2021/6/4,US,1385281,510254,315585569,176112628,383008,899472,,,923320,145644052,553219
Report,2021/6/4,US,,,,,,,1399594,1002963,,,
Admin,2021/6/5,US,1058187,361325,316643756,176473953,379761,942447,,,726825,146370877,598724
Report,2021/6/5,US,,,,,,,1148208,937669,,,
Admin,2021/6/6,US,509093,175586,317152849,176649539,375925,960905,,,349581,146720458,620304
Report,2021/6/6,US,,,,,,,1369848,958533,,,
Admin,2021/6/7,US,1052800,378274,318205649,177027813,417289,1083181,,,711275,147431733,705044
Report,2021/6/7,US,,,,,,,1213339,994370,,,
Admin,2021/6/8,US,1160060,409162,319365709,177436975,400507,1071848,,,791837,148223570,710207
Report,2021/6/8,US,,,,,,,1071750,1074204,,,
Admin,2021/6/9,US,1152112,397435,320517821,177834410,386026,1078674,,,795286,149018856,729897
Report,2021/6/9,US,,,,,,,829809,1120083,,,
Admin,2021/6/10,US,1155014,410265,321672835,178244675,377472,1067506,,,786380,149805236,726357
Report,2021/6/10,US,,,,,,,934142,1138099,,,
Admin,2021/6/11,US,1217777,433662,322890612,178678337,366530,1043577,,,825669,150630905,712407
Report,2021/6/11,US,,,,,,,822177,1055610,,,
Admin,2021/6/12,US,884562,286965,323775174,178965302,355907,1018774,,,622780,151253685,697544
Report,2021/6/12,US,,,,,,,1602933,1120571,,,
Admin,2021/6/13,US,387832,115907,324163006,179081209,347381,1001451,,,287499,151541184,688675
Report,2021/6/13,US,,,,,,,1209817,1097710,,,
Admin,2021/6/14,US,900708,336165,325063714,179417374,341366,979723,,,598769,152139953,672602
Report,2021/6/14,US,,,,,,,1323282,1113416,,,
Admin,2021/6/15,US,965525,364859,326029239,179782233,335037,951932,,,638640,152778593,650717
Report,2021/6/15,US,,,,,,,1240847,1137572,,,
Admin,2021/6/16,US,933422,361683,326962661,180143916,329929,920691,,,611653,153390246,624484
Report,2021/6/16,US,,,,,,,1028496,1165956,,,
Admin,2021/6/17,US,881283,353221,327843944,180497137,321780,881587,,,570752,153960998,593680
Report,2021/6/17,US,,,,,,,2054216,1325967,,,
Admin,2021/6/18,US,908751,369982,328752695,180867119,312683,837440,,,577531,154538529,558232
Report,2021/6/18,US,,,,,,,1079390,1362712,,,
Admin,2021/6/19,US,568364,232609,329321059,181099728,304918,792269,,,359655,154898184,520642
Report,2021/6/19,US,,,,,,,1069021,1286438,,,
Admin,2021/6/20,US,272332,112305,329593391,181212033,304403,775769,,,171133,155069317,504019
Report,2021/6/20,US,,,,,,,848611,1234838,,,
Admin,2021/6/21,US,551829,301431,330145220,181513464,299441,725929,,,282532,155351849,458842
Report,2021/6/21,US,,,,,,,610033,1132945,,,
Admin,2021/6/22,US,745514,325325,330890734,181838789,293794,694499,,,453420,155805269,432382
Report,2021/6/22,US,,,,,,,647403,1048167,,,
Admin,2021/6/23,US,726325,331500,331617059,182170289,289482,664914,,,426940,156232209,405994
Report,2021/6/23,US,,,,,,,648209,993840,,,
Admin,2021/6/24,US,690676,320636,332307735,182490925,284827,637684,,,403093,156635302,382043
Report,2021/6/24,US,,,,,,,815152,816831,,,
Admin,2021/6/25,US,756230,352307,333063965,182843232,282302,615895,,,434563,157069865,361619
Report,2021/6/25,US,,,,,,,512174,735800,,,
Admin,2021/6/26,US,492794,226872,333556759,183070104,281482,605100,,,285753,157355618,351062
Report,2021/6/26,US,,,,,,,923724,715044,,,
Admin,2021/6/27,US,264112,127794,333820871,183197898,283695,603925,,,145903,157501521,347457
Report,2021/6/27,US,,,,,,,1204225,765846,,,
Admin,2021/6/28,US,546350,277144,334367221,183475042,280225,603143,,,294145,157795666,349116
Report,2021/6/28,US,,,,,,,1087043,833990,,,
Admin,2021/6/29,US,620136,299389,334987357,183774431,276520,585231,,,345374,158141040,333681
Report,2021/6/29,US,,,,,,,738476,847000,,,
Admin,2021/6/30,US,622972,309342,335610329,184083773,273355,570467,,,339685,158480725,321216
Report,2021/6/30,US,,,,,,,1368679,949925,,,
Admin,2021/7/1,US,588508,289842,336198837,184373615,268956,555871,,,320427,158801152,309407
Report,2021/7/1,US,,,,,,,1630778,1066443,,,
Admin,2021/7/2,US,612039,307337,336810876,184680952,262531,535273,,,329622,159130774,294415
Report,2021/7/2,US,,,,,,,657166,1087156,,,
Admin,2021/7/3,US,351333,180541,337162209,184861493,255913,515064,,,182883,159313657,279719
Report,2021/7/3,US,,,,,,,1161081,1121064,,,
Admin,2021/7/4,US,49373,27568,337211582,184889061,241595,484387,,,26369,159340026,262643
Report,2021/7/4,US,,,,,,,633702,1039561,,,
Admin,2021/7/5,US,391180,201680,337602762,185090741,230814,462220,,,201959,159541985,249474
Report,2021/7/5,US,,,,,,,390686,940081,,,
Admin,2021/7/6,US,575917,275190,338178679,185365931,227357,455903,,,325750,159867735,246670
Report,2021/7/6,US,,,,,,,219408,865929,,,
Admin,2021/7/7,US,561751,282457,338740430,185648388,223516,447157,,,307964,160175699,242139
Report,2021/7/7,US,,,,,,,437117,732848,,,
Admin,2021/7/8,US,557449,289044,339297879,185937432,223402,442720,,,300271,160475970,239259
Report,2021/7/8,US,,,,,,,694333,599070,,,
Admin,2021/7/9,US,624110,322794,339921989,186260226,225611,444444,,,332062,160808032,239608
Report,2021/7/9,US,,,,,,,620612,593848,,,
Admin,2021/7/10,US,395728,211922,340317717,186472148,230094,450786,,,199886,161007918,242037
Report,2021/7/10,US,,,,,,,598995,513550,,,
Admin,2021/7/11,US,213560,116726,340531277,186588874,242830,474242,,,104140,161112058,253147
Report,2021/7/11,US,,,,,,,586244,506771,,,
Admin,2021/7/12,US,512040,274727,341043317,186863601,253266,491507,,,263802,161375860,261982
Report,2021/7/12,US,,,,,,,449122,515119,,,
Admin,2021/7/13,US,519548,281024,341562865,187144625,254099,483455,,,262355,161638215,252925
Report,2021/7/13,US,,,,,,,341466,532556,,,
Admin,2021/7/14,US,522685,283008,342085550,187427633,254178,477874,,,262553,161900768,246438
Report,2021/7/14,US,,,,,,,545543,548045,,,
Admin,2021/7/15,US,532834,297188,342618384,187724821,255341,474357,,,258763,162159531,240508
Report,2021/7/15,US,,,,,,,567174,529879,,,
Admin,2021/7/16,US,616211,346589,343234595,188071410,258741,473229,,,291142,162450673,234663
Report,2021/7/16,US,,,,,,,549205,519678,,,
Admin,2021/7/17,US,394634,223573,343629229,188294983,260405,473073,,,182680,162633353,232205
Report,2021/7/17,US,,,,,,,635290,524863,,,
Admin,2021/7/18,US,230928,135334,343860157,188430317,263063,475554,,,101730,162735083,231860
Report,2021/7/18,US,,,,,,,500910,512673,,,
Admin,2021/7/19,US,560417,339058,344420574,188769375,272253,482465,,,242553,162977636,228825
Report,2021/7/19,US,,,,,,,507076,520952,,,
Admin,2021/7/20,US,595907,371297,345016481,189140672,285150,493373,,,245584,163223220,226429
Report,2021/7/20,US,,,,,,,243940,507020,,,
Admin,2021/7/21,US,620808,385122,345637289,189525794,299737,507391,,,256125,163479345,225511
Report,2021/7/21,US,,,,,,,611493,516441,,,
Admin,2021/7/22,US,640150,414680,346277439,189940474,316522,522722,,,247030,163726375,223834
Report,2021/7/22,US,,,,,,,660898,529830,,,
Admin,2021/7/23,US,736855,485532,347014294,190426006,336371,539957,,,276129,164002504,221690
Report,2021/7/23,US,,,,,,,600157,537109,,,
Admin,2021/7/24,US,457442,300605,347471736,190726611,347375,548929,,,167943,164170447,219584
Report,2021/7/24,US,,,,,,,676050,542932,,,
Admin,2021/7/25,US,256207,200913,347727943,190927524,356744,552540,,,60555,164231002,213702
Report,2021/7/25,US,,,,,,,778996,582659,,,
Admin,2021/7/26,US,634558,444392,348362501,191371916,371792,563132,,,213037,164444039,209486
Report,2021/7/26,US,,,,,,,393083,566374,,,
Admin,2021/7/27,US,691465,477350,349053966,191849266,386942,576783,,,242672,164686711,209070
Report,2021/7/27,US,,,,,,,395489,588024,,,
Admin,2021/7/28,US,708561,486675,349762527,192335941,401450,589319,,,249531,164936242,208128
Report,2021/7/28,US,,,,,,,753984,608380,,,
Admin,2021/7/29,US,707249,492015,350469776,192827956,412497,598905,,,242233,165178475,207442
Report,2021/7/29,US,,,,,,,710071,615404,,,
Admin,2021/7/30,US,818829,567449,351288605,193395405,424200,610615,,,278721,165457196,207813
Report,2021/7/30,US,,,,,,,856919,652085,,,
Admin,2021/7/31,US,505572,343442,351794177,193738847,430319,617491,,,173643,165630839,208627
Report,2021/7/31,US,,,,,,,711952,657213,,,
Admin,2021/8/1,US,311597,219602,352105774,193958449,432989,625404,,,93561,165724400,213342
Report,2021/8/1,US,,,,,,,816203,662529,,,
Admin,2021/8/2,US,706293,499688,352812067,194458137,440889,635652,,,228544,165952944,215557
Report,2021/8/2,US,,,,,,,467676,673185,,,
Admin,2021/8/3,US,749747,532091,353561814,194990228,448709,643978,,,244265,166197209,215785
Report,2021/8/3,US,,,,,,,452804,681373,,,
Admin,2021/8/4,US,764469,546218,354326283,195536446,457215,651965,,,245761,166442970,215246
Report,2021/8/4,US,,,,,,,725329,677279,,,
Admin,2021/8/5,US,778913,553257,355105196,196089703,465964,662202,,,254942,166697912,217062
Report,2021/8/5,US,,,,,,,863941,699261,,,
Admin,2021/8/6,US,892314,619351,355997510,196709054,473378,672700,,,300220,166998132,220133
Report,2021/8/6,US,,,,,,,821060,694138,,,
Admin,2021/8/7,US,549146,378412,356546656,197087466,478374,678925,,,183417,167181549,221530
Report,2021/8/7,US,,,,,,,839709,712389,,,
Admin,2021/8/8,US,343332,234633,356889988,197322099,480521,683459,,,113528,167295077,224382
Report,2021/8/8,US,,,,,,,773742,706323,,,
Admin,2021/8/9,US,769540,515599,357659528,197837698,482794,692494,,,277000,167572077,231304
Report,2021/8/9,US,,,,,,,532245,715547,,,
Admin,2021/8/10,US,785672,524669,358445200,198362367,481734,697626,,,284679,167856756,237078
Report,2021/8/10,US,,,,,,,617769,739114,,,
Admin,2021/8/11,US,754213,492676,359199413,198855043,474085,696161,,,285556,168142312,242763
Report,2021/8/11,US,,,,,,,654600,729009,,,
Admin,2021/8/12,US,788142,507673,359987555,199362716,467573,697479,,,302884,168445196,249612
Report,2021/8/12,US,,,,,,,654350,699068,,,
Admin,2021/8/13,US,930902,575027,360918457,199937743,461241,702992,,,376696,168821892,260537
Report,2021/8/13,US,,,,,,,918056,712924,,,
Admin,2021/8/14,US,614117,360569,361532574,200298312,458692,712274,,,235249,169057141,267941
Report,2021/8/14,US,,,,,,,990875,734520,,,
Admin,2021/8/15,US,391482,210851,361924056,200509163,455295,719152,,,156922,169214063,274140
Report,2021/8/15,US,,,,,,,664840,718962,,,
Admin,2021/8/16,US,854489,463063,362778545,200972226,447790,731288,,,343472,169557535,283636
Report,2021/8/16,US,,,,,,,858392,765555,,,
Admin,2021/8/17,US,905162,488347,363683707,201460573,442601,748358,,,352252,169909787,293290
Report,2021/8/17,US,,,,,,,602938,763436,,,
Admin,2021/8/18,US,932425,485258,364616132,201945831,441541,773817,,,366682,170276469,304879
Report,2021/8/18,US,,,,,,,704840,770613,,,
Admin,2021/8/19,US,924398,477815,365540530,202423646,437276,793282,,,368619,170645088,314270
Report,2021/8/19,US,,,,,,,1023545,823355,,,
Admin,2021/8/20,US,1082268,535220,366622798,202958866,431589,814905,,,462053,171107141,326464
Report,2021/8/20,US,,,,,,,1010907,836620,,,
Admin,2021/8/21,US,650778,319564,367273576,203278430,425731,820143,,,287375,171394516,333910
Report,2021/8/21,US,,,,,,,1050277,845106,,,
Admin,2021/8/22,US,381318,182925,367654894,203461355,421742,818691,,,173870,171568386,336331
Report,2021/8/22,US,,,,,,,973207,889158,,,
Admin,2021/8/23,US,899998,439297,368554892,203900652,418347,825192,,,391859,171960245,343244
Report,2021/8/23,US,,,,,,,610018,853676,,,
Admin,2021/8/24,US,927910,458197,369482802,204358849,414039,828442,,,400001,172360246,350065
Report,2021/8/24,US,,,,,,,648003,860114,,,
Admin,2021/8/25,US,942613,465087,370425415,204823936,411158,829897,,,406605,172766851,355768
Report,2021/8/25,US,,,,,,,926909,891838,,,
Admin,2021/8/26,US,963972,470794,371389387,205294730,410155,835551,,,415970,173182821,362533
Report,2021/8/26,US,,,,,,,924973,877756,,,
Admin,2021/8/27,US,1140384,529261,372529771,205823991,409304,843853,,,518449,173701270,370589
Report,2021/8/27,US,,,,,,,1070810,886314,,,
Admin,2021/8/28,US,693650,316248,373223421,206140239,408830,849977,,,328656,174029926,376487
Report,2021/8/28,US,,,,,,,1073386,889615,,,
Admin,2021/8/29,US,420163,192285,373643584,206332524,410167,855527,,,199051,174228977,380084
Report,2021/8/29,US,,,,,,,951864,886566,,,
Admin,2021/8/30,US,897763,411520,374541347,206744044,406199,855207,,,413470,174642447,383171
Report,2021/8/30,US,,,,,,,693177,898446,,,
Admin,2021/8/31,US,896750,412092,375438097,207156136,399612,850756,,,404609,175047056,383830
Report,2021/8/31,US,,,,,,,655116,899462,,,
Admin,2021/9/1,US,886634,414360,376324731,207570496,392366,842759,,,388375,175435431,381225
Report,2021/9/1,US,,,,,,,1068102,919633,,,
Admin,2021/9/2,US,864259,395228,377188990,207965724,381571,828514,,,383405,175818836,376573
Report,2021/9/2,US,,,,,,,836488,906992,,,
Admin,2021/9/3,US,1005469,445234,378194459,208410958,369567,809241,,,470692,176289528,369751
Report,2021/9/3,US,,,,,,,1400192,954046,,,
Admin,2021/9/4,US,542801,241489,378737260,208652447,358887,787691,,,267586,176557114,361026
Report,2021/9/4,US,,,,,,,972115,939579,,,
Admin,2021/9/5,US,355537,165415,379092797,208817862,355048,778459,,,167363,176724477,356500
Report,2021/9/5,US,,,,,,,599430,889231,,,
Admin,2021/9/6,US,167184,78353,379259981,208896215,307453,674090,,,81918,176806395,309135
Report,2021/9/6,US,,,,,,,404549,847999,,,
Admin,2021/9/7,US,879084,347896,380139065,209244111,298282,671566,,,460887,177267282,317175
Report,2021/9/7,US,,,,,,,502475,826193,,,
Admin,2021/9/8,US,816304,360428,380955369,209604539,290578,661519,,,385300,177652582,316735
Report,2021/9/8,US,,,,,,,959754,810715,,,
Admin,2021/9/9,US,814131,364143,381769500,209968682,286137,654358,,,379161,178031743,316129
Report,2021/9/9,US,,,,,,,666933,786493,,,
Admin,2021/9/10,US,995900,440096,382765400,210408778,285403,652991,,,478454,178510197,317238
Report,2021/9/10,US,,,,,,,947652,721844,,,
Admin,2021/9/11,US,576584,253002,383341984,210661780,287048,657817,,,287839,178798036,320131
Report,2021/9/11,US,,,,,,,902503,711899,,,
Admin,2021/9/12,US,337856,153450,383679840,210815230,285338,655291,,,166937,178964973,320070
Report,2021/9/12,US,,,,,,,769683,736221,,,
Admin,2021/9/13,US,749928,328057,384429768,211143287,321010,738541,,,367431,179332404,360858
Report,2021/9/13,US,,,,,,,589822,762689,,,
Admin,2021/9/14,US,718849,307572,385148617,211450859,315250,715650,,,360656,179693060,346539
Report,2021/9/14,US,,,,,,,621540,779698,,,
Admin,2021/9/15,US,725994,303616,385874611,211754475,307134,702748,,,370585,180063645,344437
Report,2021/9/15,US,,,,,,,841530,762809,,,
Admin,2021/9/16,US,726399,301632,386601010,212056107,298204,690215,,,372523,180436168,343489
Report,2021/9/16,US,,,,,,,743608,773763,,,
Admin,2021/9/17,US,865362,342566,387466372,212398673,284271,671567,,,458342,180894510,340616
Report,2021/9/17,US,,,,,,,956474,775023,,,
Admin,2021/9/18,US,500775,200018,387967147,212598691,276702,660737,,,263860,181158370,337190
Report,2021/9/18,US,,,,,,,916413,777010,,,
Admin,2021/9/19,US,293364,116639,388260511,212715330,271443,654381,,,158026,181316396,335917
Report,2021/9/19,US,,,,,,,674722,763444,,,
Admin,2021/9/20,US,655952,258958,388916463,212974288,261572,640956,,,333317,181649713,331044
Report,2021/9/20,US,,,,,,,651869,772308,,,
Admin,2021/9/21,US,643047,255443,389559510,213229731,254125,630127,,,322928,181972641,325654
Report,2021/9/21,US,,,,,,,542935,761079,,,
Admin,2021/9/22,US,633156,248821,390192666,213478552,246297,616865,,,317007,182289648,318000
Report,2021/9/22,US,,,,,,,712900,742703,,,
Admin,2021/9/23,US,641947,250526,390834613,213729078,238996,604800,,,309179,182598827,308951
Report,2021/9/23,US,,,,,,,327988,683329,,,
Admin,2021/9/24,US,936380,319697,391770993,214048775,235729,614945,,,389531,182988358,299121
Report,2021/9/24,US,,,,,,,745405,653176,,,
Admin,2021/9/25,US,640731,206895,392411724,214255670,236711,634939,,,216404,183204762,292341
Report,2021/9/25,US,,,,,,,805580,637343,,,
Admin,2021/9/26,US,388336,122163,392800060,214377833,237500,648507,,,136983,183341745,289335
Report,2021/9/26,US,,,,,,,741639,646902,,,
Admin,2021/9/27,US,907984,287530,393708044,214665363,241582,684511,,,196017,183537762,269721
Report,2021/9/27,US,,,,,,,550595,632435,,,
Admin,2021/9/28,US,1048472,292490,394756516,214957853,246875,742429,,,282864,183820626,263997
Report,2021/9/28,US,,,,,,,487651,624537,,,
Admin,2021/9/29,US,1042070,285850,395798586,215243703,252164,800845,,,288315,184108941,259899
Report,2021/9/29,US,,,,,,,840088,642707,,,
Admin,2021/9/30,US,1016116,277058,396814702,215520761,255955,854298,,,280706,184389647,255831
Report,2021/9/30,US,,,,,,,917333,726899,,,
Admin,2021/10/1,US,1107032,297499,397921734,215818260,252784,878677,,,327367,184717014,246950
Report,2021/10/1,US,,,,,,,846871,741394,,,
Admin,2021/10/2,US,549725,160987,398471459,215979247,246225,865676,,,182911,184899925,242166
Report,2021/10/2,US,,,,,,,933417,759656,,,
Admin,2021/10/3,US,321433,99972,398792892,216079219,243055,856118,,,115403,185015328,239083
Report,2021/10/3,US,,,,,,,1244542,831500,,,
Admin,2021/10/4,US,828989,230355,399621881,216309574,234887,844833,,,214079,185229407,241663
Report,2021/10/4,US,,,,,,,984739,893520,,,
Admin,2021/10/5,US,836060,218722,400457941,216528296,224349,814489,,,209248,185438655,231147
Report,2021/10/5,US,,,,,,,798491,937926,,,
Admin,2021/10/6,US,793475,206081,401251416,216734377,212953,778975,,,199539,185638194,218464
Report,2021/10/6,US,,,,,,,957359,954679,,,
Admin,2021/10/7,US,509177,134991,401760593,216869368,192658,706555,,,122447,185760641,195856
Report,2021/10/7,US,,,,,,,877030,948921,,,
Admin,2021/10/8,US,58646,20445,401819239,216889813,153079,556786,,,15764,185776405,151341
Report,2021/10/8,US,,,,,,,1116978,987508,,,
Admin,2021/10/9,US,1,1,401819240,216889814,130081,478254,,,0,185776405,125211
Report,2021/10/9,US,,,,,,,1149818,1018422,,,
